{"img_stk_0_vmin": 0.0, "img_stk_0_vmax": 108.28350830078125, "img_stk_1_vmin": -1.0, "img_stk_1_vmax": 3.0, "ttcf_vmin": 0, "ttcf_vmax": 1.064394350689866, "sum_img_stk_0_vmin": 26961.541015625, "sum_img_stk_0_vmax": 32547.94921875, "sum_img_stk_1_vmin": -310.37542724609375, "sum_img_stk_1_vmax": 1108.32861328125}